th1,th2,th3,th4,th5,th6,th7,prey0,pred1_0,pred2_0,pred3_0,prey1,pred1_1,pred2_1,pred3_1,prey2,pred1_2,pred2_2,pred3_2,prey3,pred1_3,pred2_3,pred3_3,prey4,pred1_4,pred2_4,pred3_4,prey5,pred1_5,pred2_5,pred3_5,prey6,pred1_6,pred2_6,pred3_6,prey7,pred1_7,pred2_7,pred3_7,prey8,pred1_8,pred2_8,pred3_8,prey9,pred1_9,pred2_9,pred3_9,prey10,pred1_10,pred2_10,pred3_10,prey11,pred1_11,pred2_11,pred3_11,prey12,pred1_12,pred2_12,pred3_12,prey13,pred1_13,pred2_13,pred3_13,prey14,pred1_14,pred2_14,pred3_14,prey15,pred1_15,pred2_15,pred3_15,prey16,pred1_16,pred2_16,pred3_16,prey17,pred1_17,pred2_17,pred3_17,prey18,pred1_18,pred2_18,pred3_18,prey19,pred1_19,pred2_19,pred3_19,prey20,pred1_20,pred2_20,pred3_20,prey21,pred1_21,pred2_21,pred3_21,prey22,pred1_22,pred2_22,pred3_22,prey23,pred1_23,pred2_23,pred3_23,prey24,pred1_24,pred2_24,pred3_24,prey25,pred1_25,pred2_25,pred3_25,prey26,pred1_26,pred2_26,pred3_26,prey27,pred1_27,pred2_27,pred3_27,prey28,pred1_28,pred2_28,pred3_28,prey29,pred1_29,pred2_29,pred3_29,prey30,pred1_30,pred2_30,pred3_30
10.0,0.005,0.0025,0.006,6.0,3.0,7.2,795,514,757,390,1265,403,662,338,2131,540,793,599,1683,1018,1066,1220,607,968,893,943,605,580,765,617,1203,418,590,446,2092,679,605,621,929,1214,881,1341,406,860,625,597,663,552,413,261,1675,484,371,229,2760,1345,528,565,1037,2067,662,977,491,1295,547,696,630,734,437,468,1023,478,402,292,2018,517,436,245,3026,1189,630,778,727,1870,766,1661,349,981,568,966,465,506,370,536,1100,339,283,349,2376,693,369,1009,931,1014,414,1360,738,548,305,591,1475,525,329,646,1795,863,298,942,885,896,297,1109,883,534,310,761,1335,460,231,745
9.989769383015807,0.00507286770523878,0.002445461929911783,0.006022166176851539,5.897390852227111,2.971018727121972,7.145252685021079,807,446,953,407,1274,462,746,254,2153,624,856,558,1675,1151,1082,1319,605,1039,941,1204,568,539,557,687,1196,359,411,539,2118,643,523,958,948,1248,600,1634,424,741,473,954,675,377,248,372,1674,371,235,343,2758,625,331,906,997,1350,501,1665,507,965,348,814,619,613,267,350,1000,385,154,142,2006,402,138,228,2995,1044,172,769,717,2189,293,1593,351,1585,220,1054,473,911,164,393,1109,684,132,322,2362,993,179,635,902,1583,171,1094,712,991,152,454,1455,776,85,316,1808,1524,118,644,913,1602,122,594,866,1145,113,315,1315,1184,130,204
10.01897181086718,0.005023065982133679,0.0023990204251273808,0.005994382144368331,5.929931006683047,2.989162601098056,7.147316971075305,804,902,352,669,1252,625,294,385,2135,881,345,559,1694,1863,538,956,610,1590,369,604,625,989,213,414,1198,570,125,261,2099,1231,180,672,935,1893,177,947,407,1124,107,494,656,679,83,313,1666,604,59,236,2735,1417,45,398,1011,2745,75,602,500,1703,23,503,603,1081,3,286,1011,753,6,191,1997,776,15,157,3004,1996,29,475,712,2701,26,822,356,1466,22,403,443,980,11,176,1119,694,2,141,2363,1423,0,420,888,2356,0,638,722,1257,0,346,1471,1139,0,241,1797,1881,0,381,912,1937,0,314,865,1448,0,129,1346,1324,0,133
9.984309939179282,0.00492733948601926,0.0023635459192738397,0.005984966824882213,5.973808821936585,3.0027063222430947,7.296143293727002,813,722,814,174,1258,686,818,206,2144,868,969,368,1671,1285,1120,980,610,1116,897,1040,585,627,634,594,1180,472,491,421,2098,918,583,942,933,1068,524,1197,408,804,407,515,665,456,256,307,1662,564,258,211,2753,1308,413,560,1001,2298,424,1183,500,1384,323,764,610,715,216,325,995,547,191,227,2015,609,165,325,3015,1086,210,959,709,1953,287,1714,354,989,206,1010,465,627,148,437,1108,469,143,236,2377,919,140,654,910,1443,114,1475,704,788,73,680,1457,612,70,604,1819,934,110,1046,916,1014,107,1067,871,768,84,609,1336,758,75,615
9.984309939179282,0.00492733948601926,0.0023635459192738397,0.005984966824882213,5.973808821936585,3.0027063222430947,7.296143293727002,813,722,814,174,1258,686,818,206,2144,868,969,368,1671,1285,1120,980,610,1116,897,1040,585,627,634,594,1180,472,491,421,2098,918,583,942,933,1068,524,1197,408,804,407,515,665,456,256,307,1662,564,258,211,2753,1308,413,560,1001,2298,424,1183,500,1384,323,764,610,715,216,325,995,547,191,227,2015,609,165,325,3015,1086,210,959,709,1953,287,1714,354,989,206,1010,465,627,148,437,1108,469,143,236,2377,919,140,654,910,1443,114,1475,704,788,73,680,1457,612,70,604,1819,934,110,1046,916,1014,107,1067,871,768,84,609,1336,758,75,615
9.984309939179282,0.00492733948601926,0.0023635459192738397,0.005984966824882213,5.973808821936585,3.0027063222430947,7.296143293727002,813,722,814,174,1258,686,818,206,2144,868,969,368,1671,1285,1120,980,610,1116,897,1040,585,627,634,594,1180,472,491,421,2098,918,583,942,933,1068,524,1197,408,804,407,515,665,456,256,307,1662,564,258,211,2753,1308,413,560,1001,2298,424,1183,500,1384,323,764,610,715,216,325,995,547,191,227,2015,609,165,325,3015,1086,210,959,709,1953,287,1714,354,989,206,1010,465,627,148,437,1108,469,143,236,2377,919,140,654,910,1443,114,1475,704,788,73,680,1457,612,70,604,1819,934,110,1046,916,1014,107,1067,871,768,84,609,1336,758,75,615
9.984309939179282,0.00492733948601926,0.0023635459192738397,0.005984966824882213,5.973808821936585,3.0027063222430947,7.296143293727002,813,722,814,174,1258,686,818,206,2144,868,969,368,1671,1285,1120,980,610,1116,897,1040,585,627,634,594,1180,472,491,421,2098,918,583,942,933,1068,524,1197,408,804,407,515,665,456,256,307,1662,564,258,211,2753,1308,413,560,1001,2298,424,1183,500,1384,323,764,610,715,216,325,995,547,191,227,2015,609,165,325,3015,1086,210,959,709,1953,287,1714,354,989,206,1010,465,627,148,437,1108,469,143,236,2377,919,140,654,910,1443,114,1475,704,788,73,680,1457,612,70,604,1819,934,110,1046,916,1014,107,1067,871,768,84,609,1336,758,75,615
9.849688320687026,0.004947344882547214,0.0023728874341409738,0.006015220690730893,5.980053038261108,2.9563841595731724,7.245184389112216,803,647,816,557,1262,547,625,357,2144,815,547,393,1678,1408,756,1102,602,1369,598,823,598,968,507,416,1185,870,328,354,2102,1097,327,501,936,1828,425,1064,401,1185,350,540,674,691,178,281,1675,618,174,210,2763,1348,198,473,1001,2240,192,1200,493,1243,151,726,605,615,78,360,1014,434,65,193,2009,354,69,176,3026,1121,142,697,700,1856,229,1539,365,1212,172,780,463,733,72,319,1114,503,79,255,2389,954,73,633,908,1249,81,1230,720,971,54,648,1477,741,46,466,1819,1247,77,960,913,1428,63,878,854,966,62,508,1322,825,107,581
9.849688320687026,0.004947344882547214,0.0023728874341409738,0.006015220690730893,5.980053038261108,2.9563841595731724,7.245184389112216,803,647,816,557,1262,547,625,357,2144,815,547,393,1678,1408,756,1102,602,1369,598,823,598,968,507,416,1185,870,328,354,2102,1097,327,501,936,1828,425,1064,401,1185,350,540,674,691,178,281,1675,618,174,210,2763,1348,198,473,1001,2240,192,1200,493,1243,151,726,605,615,78,360,1014,434,65,193,2009,354,69,176,3026,1121,142,697,700,1856,229,1539,365,1212,172,780,463,733,72,319,1114,503,79,255,2389,954,73,633,908,1249,81,1230,720,971,54,648,1477,741,46,466,1819,1247,77,960,913,1428,63,878,854,966,62,508,1322,825,107,581
9.849688320687026,0.004947344882547214,0.0023728874341409738,0.006015220690730893,5.980053038261108,2.9563841595731724,7.245184389112216,803,647,816,557,1262,547,625,357,2144,815,547,393,1678,1408,756,1102,602,1369,598,823,598,968,507,416,1185,870,328,354,2102,1097,327,501,936,1828,425,1064,401,1185,350,540,674,691,178,281,1675,618,174,210,2763,1348,198,473,1001,2240,192,1200,493,1243,151,726,605,615,78,360,1014,434,65,193,2009,354,69,176,3026,1121,142,697,700,1856,229,1539,365,1212,172,780,463,733,72,319,1114,503,79,255,2389,954,73,633,908,1249,81,1230,720,971,54,648,1477,741,46,466,1819,1247,77,960,913,1428,63,878,854,966,62,508,1322,825,107,581
9.849688320687026,0.004947344882547214,0.0023728874341409738,0.006015220690730893,5.980053038261108,2.9563841595731724,7.245184389112216,803,647,816,557,1262,547,625,357,2144,815,547,393,1678,1408,756,1102,602,1369,598,823,598,968,507,416,1185,870,328,354,2102,1097,327,501,936,1828,425,1064,401,1185,350,540,674,691,178,281,1675,618,174,210,2763,1348,198,473,1001,2240,192,1200,493,1243,151,726,605,615,78,360,1014,434,65,193,2009,354,69,176,3026,1121,142,697,700,1856,229,1539,365,1212,172,780,463,733,72,319,1114,503,79,255,2389,954,73,633,908,1249,81,1230,720,971,54,648,1477,741,46,466,1819,1247,77,960,913,1428,63,878,854,966,62,508,1322,825,107,581
9.849688320687026,0.004947344882547214,0.0023728874341409738,0.006015220690730893,5.980053038261108,2.9563841595731724,7.245184389112216,803,647,816,557,1262,547,625,357,2144,815,547,393,1678,1408,756,1102,602,1369,598,823,598,968,507,416,1185,870,328,354,2102,1097,327,501,936,1828,425,1064,401,1185,350,540,674,691,178,281,1675,618,174,210,2763,1348,198,473,1001,2240,192,1200,493,1243,151,726,605,615,78,360,1014,434,65,193,2009,354,69,176,3026,1121,142,697,700,1856,229,1539,365,1212,172,780,463,733,72,319,1114,503,79,255,2389,954,73,633,908,1249,81,1230,720,971,54,648,1477,741,46,466,1819,1247,77,960,913,1428,63,878,854,966,62,508,1322,825,107,581
9.849688320687026,0.004947344882547214,0.0023728874341409738,0.006015220690730893,5.980053038261108,2.9563841595731724,7.245184389112216,803,647,816,557,1262,547,625,357,2144,815,547,393,1678,1408,756,1102,602,1369,598,823,598,968,507,416,1185,870,328,354,2102,1097,327,501,936,1828,425,1064,401,1185,350,540,674,691,178,281,1675,618,174,210,2763,1348,198,473,1001,2240,192,1200,493,1243,151,726,605,615,78,360,1014,434,65,193,2009,354,69,176,3026,1121,142,697,700,1856,229,1539,365,1212,172,780,463,733,72,319,1114,503,79,255,2389,954,73,633,908,1249,81,1230,720,971,54,648,1477,741,46,466,1819,1247,77,960,913,1428,63,878,854,966,62,508,1322,825,107,581
9.849688320687026,0.004947344882547214,0.0023728874341409738,0.006015220690730893,5.980053038261108,2.9563841595731724,7.245184389112216,803,647,816,557,1262,547,625,357,2144,815,547,393,1678,1408,756,1102,602,1369,598,823,598,968,507,416,1185,870,328,354,2102,1097,327,501,936,1828,425,1064,401,1185,350,540,674,691,178,281,1675,618,174,210,2763,1348,198,473,1001,2240,192,1200,493,1243,151,726,605,615,78,360,1014,434,65,193,2009,354,69,176,3026,1121,142,697,700,1856,229,1539,365,1212,172,780,463,733,72,319,1114,503,79,255,2389,954,73,633,908,1249,81,1230,720,971,54,648,1477,741,46,466,1819,1247,77,960,913,1428,63,878,854,966,62,508,1322,825,107,581
9.849688320687026,0.004947344882547214,0.0023728874341409738,0.006015220690730893,5.980053038261108,2.9563841595731724,7.245184389112216,803,647,816,557,1262,547,625,357,2144,815,547,393,1678,1408,756,1102,602,1369,598,823,598,968,507,416,1185,870,328,354,2102,1097,327,501,936,1828,425,1064,401,1185,350,540,674,691,178,281,1675,618,174,210,2763,1348,198,473,1001,2240,192,1200,493,1243,151,726,605,615,78,360,1014,434,65,193,2009,354,69,176,3026,1121,142,697,700,1856,229,1539,365,1212,172,780,463,733,72,319,1114,503,79,255,2389,954,73,633,908,1249,81,1230,720,971,54,648,1477,741,46,466,1819,1247,77,960,913,1428,63,878,854,966,62,508,1322,825,107,581
9.849688320687026,0.004947344882547214,0.0023728874341409738,0.006015220690730893,5.980053038261108,2.9563841595731724,7.245184389112216,803,647,816,557,1262,547,625,357,2144,815,547,393,1678,1408,756,1102,602,1369,598,823,598,968,507,416,1185,870,328,354,2102,1097,327,501,936,1828,425,1064,401,1185,350,540,674,691,178,281,1675,618,174,210,2763,1348,198,473,1001,2240,192,1200,493,1243,151,726,605,615,78,360,1014,434,65,193,2009,354,69,176,3026,1121,142,697,700,1856,229,1539,365,1212,172,780,463,733,72,319,1114,503,79,255,2389,954,73,633,908,1249,81,1230,720,971,54,648,1477,741,46,466,1819,1247,77,960,913,1428,63,878,854,966,62,508,1322,825,107,581
9.849688320687026,0.004947344882547214,0.0023728874341409738,0.006015220690730893,5.980053038261108,2.9563841595731724,7.245184389112216,803,647,816,557,1262,547,625,357,2144,815,547,393,1678,1408,756,1102,602,1369,598,823,598,968,507,416,1185,870,328,354,2102,1097,327,501,936,1828,425,1064,401,1185,350,540,674,691,178,281,1675,618,174,210,2763,1348,198,473,1001,2240,192,1200,493,1243,151,726,605,615,78,360,1014,434,65,193,2009,354,69,176,3026,1121,142,697,700,1856,229,1539,365,1212,172,780,463,733,72,319,1114,503,79,255,2389,954,73,633,908,1249,81,1230,720,971,54,648,1477,741,46,466,1819,1247,77,960,913,1428,63,878,854,966,62,508,1322,825,107,581
9.849688320687026,0.004947344882547214,0.0023728874341409738,0.006015220690730893,5.980053038261108,2.9563841595731724,7.245184389112216,803,647,816,557,1262,547,625,357,2144,815,547,393,1678,1408,756,1102,602,1369,598,823,598,968,507,416,1185,870,328,354,2102,1097,327,501,936,1828,425,1064,401,1185,350,540,674,691,178,281,1675,618,174,210,2763,1348,198,473,1001,2240,192,1200,493,1243,151,726,605,615,78,360,1014,434,65,193,2009,354,69,176,3026,1121,142,697,700,1856,229,1539,365,1212,172,780,463,733,72,319,1114,503,79,255,2389,954,73,633,908,1249,81,1230,720,971,54,648,1477,741,46,466,1819,1247,77,960,913,1428,63,878,854,966,62,508,1322,825,107,581
9.849688320687026,0.004947344882547214,0.0023728874341409738,0.006015220690730893,5.980053038261108,2.9563841595731724,7.245184389112216,803,647,816,557,1262,547,625,357,2144,815,547,393,1678,1408,756,1102,602,1369,598,823,598,968,507,416,1185,870,328,354,2102,1097,327,501,936,1828,425,1064,401,1185,350,540,674,691,178,281,1675,618,174,210,2763,1348,198,473,1001,2240,192,1200,493,1243,151,726,605,615,78,360,1014,434,65,193,2009,354,69,176,3026,1121,142,697,700,1856,229,1539,365,1212,172,780,463,733,72,319,1114,503,79,255,2389,954,73,633,908,1249,81,1230,720,971,54,648,1477,741,46,466,1819,1247,77,960,913,1428,63,878,854,966,62,508,1322,825,107,581
9.849688320687026,0.004947344882547214,0.0023728874341409738,0.006015220690730893,5.980053038261108,2.9563841595731724,7.245184389112216,803,647,816,557,1262,547,625,357,2144,815,547,393,1678,1408,756,1102,602,1369,598,823,598,968,507,416,1185,870,328,354,2102,1097,327,501,936,1828,425,1064,401,1185,350,540,674,691,178,281,1675,618,174,210,2763,1348,198,473,1001,2240,192,1200,493,1243,151,726,605,615,78,360,1014,434,65,193,2009,354,69,176,3026,1121,142,697,700,1856,229,1539,365,1212,172,780,463,733,72,319,1114,503,79,255,2389,954,73,633,908,1249,81,1230,720,971,54,648,1477,741,46,466,1819,1247,77,960,913,1428,63,878,854,966,62,508,1322,825,107,581
9.849688320687026,0.004947344882547214,0.0023728874341409738,0.006015220690730893,5.980053038261108,2.9563841595731724,7.245184389112216,803,647,816,557,1262,547,625,357,2144,815,547,393,1678,1408,756,1102,602,1369,598,823,598,968,507,416,1185,870,328,354,2102,1097,327,501,936,1828,425,1064,401,1185,350,540,674,691,178,281,1675,618,174,210,2763,1348,198,473,1001,2240,192,1200,493,1243,151,726,605,615,78,360,1014,434,65,193,2009,354,69,176,3026,1121,142,697,700,1856,229,1539,365,1212,172,780,463,733,72,319,1114,503,79,255,2389,954,73,633,908,1249,81,1230,720,971,54,648,1477,741,46,466,1819,1247,77,960,913,1428,63,878,854,966,62,508,1322,825,107,581
9.849688320687026,0.004947344882547214,0.0023728874341409738,0.006015220690730893,5.980053038261108,2.9563841595731724,7.245184389112216,803,647,816,557,1262,547,625,357,2144,815,547,393,1678,1408,756,1102,602,1369,598,823,598,968,507,416,1185,870,328,354,2102,1097,327,501,936,1828,425,1064,401,1185,350,540,674,691,178,281,1675,618,174,210,2763,1348,198,473,1001,2240,192,1200,493,1243,151,726,605,615,78,360,1014,434,65,193,2009,354,69,176,3026,1121,142,697,700,1856,229,1539,365,1212,172,780,463,733,72,319,1114,503,79,255,2389,954,73,633,908,1249,81,1230,720,971,54,648,1477,741,46,466,1819,1247,77,960,913,1428,63,878,854,966,62,508,1322,825,107,581
9.65176784327521,0.004971049267309913,0.0023762280478464236,0.005988527118861637,6.014301976431572,2.934204783657297,7.208334159515998,789,497,736,290,1265,421,605,415,2151,773,653,629,1683,1181,792,1163,603,918,680,1064,599,491,463,540,1184,377,327,389,2104,848,434,916,923,1270,403,1470,409,708,353,594,668,447,287,396,1653,427,275,331,2738,887,389,842,1018,1798,518,1432,489,1058,424,933,603,551,299,389,1002,349,267,260,2003,347,278,359,3007,894,369,1081,720,1321,427,2274,359,1100,385,1103,466,539,252,594,1113,440,194,385,2383,925,322,793,895,1042,315,1402,719,701,208,643,1460,580,165,591,1785,968,200,1115,902,1016,160,1232,873,869,93,776,1315,691,35,602
9.65176784327521,0.004971049267309913,0.0023762280478464236,0.005988527118861637,6.014301976431572,2.934204783657297,7.208334159515998,789,497,736,290,1265,421,605,415,2151,773,653,629,1683,1181,792,1163,603,918,680,1064,599,491,463,540,1184,377,327,389,2104,848,434,916,923,1270,403,1470,409,708,353,594,668,447,287,396,1653,427,275,331,2738,887,389,842,1018,1798,518,1432,489,1058,424,933,603,551,299,389,1002,349,267,260,2003,347,278,359,3007,894,369,1081,720,1321,427,2274,359,1100,385,1103,466,539,252,594,1113,440,194,385,2383,925,322,793,895,1042,315,1402,719,701,208,643,1460,580,165,591,1785,968,200,1115,902,1016,160,1232,873,869,93,776,1315,691,35,602
9.65176784327521,0.004971049267309913,0.0023762280478464236,0.005988527118861637,6.014301976431572,2.934204783657297,7.208334159515998,789,497,736,290,1265,421,605,415,2151,773,653,629,1683,1181,792,1163,603,918,680,1064,599,491,463,540,1184,377,327,389,2104,848,434,916,923,1270,403,1470,409,708,353,594,668,447,287,396,1653,427,275,331,2738,887,389,842,1018,1798,518,1432,489,1058,424,933,603,551,299,389,1002,349,267,260,2003,347,278,359,3007,894,369,1081,720,1321,427,2274,359,1100,385,1103,466,539,252,594,1113,440,194,385,2383,925,322,793,895,1042,315,1402,719,701,208,643,1460,580,165,591,1785,968,200,1115,902,1016,160,1232,873,869,93,776,1315,691,35,602
9.65176784327521,0.004971049267309913,0.0023762280478464236,0.005988527118861637,6.014301976431572,2.934204783657297,7.208334159515998,789,497,736,290,1265,421,605,415,2151,773,653,629,1683,1181,792,1163,603,918,680,1064,599,491,463,540,1184,377,327,389,2104,848,434,916,923,1270,403,1470,409,708,353,594,668,447,287,396,1653,427,275,331,2738,887,389,842,1018,1798,518,1432,489,1058,424,933,603,551,299,389,1002,349,267,260,2003,347,278,359,3007,894,369,1081,720,1321,427,2274,359,1100,385,1103,466,539,252,594,1113,440,194,385,2383,925,322,793,895,1042,315,1402,719,701,208,643,1460,580,165,591,1785,968,200,1115,902,1016,160,1232,873,869,93,776,1315,691,35,602
9.65176784327521,0.004971049267309913,0.0023762280478464236,0.005988527118861637,6.014301976431572,2.934204783657297,7.208334159515998,789,497,736,290,1265,421,605,415,2151,773,653,629,1683,1181,792,1163,603,918,680,1064,599,491,463,540,1184,377,327,389,2104,848,434,916,923,1270,403,1470,409,708,353,594,668,447,287,396,1653,427,275,331,2738,887,389,842,1018,1798,518,1432,489,1058,424,933,603,551,299,389,1002,349,267,260,2003,347,278,359,3007,894,369,1081,720,1321,427,2274,359,1100,385,1103,466,539,252,594,1113,440,194,385,2383,925,322,793,895,1042,315,1402,719,701,208,643,1460,580,165,591,1785,968,200,1115,902,1016,160,1232,873,869,93,776,1315,691,35,602
9.65176784327521,0.004971049267309913,0.0023762280478464236,0.005988527118861637,6.014301976431572,2.934204783657297,7.208334159515998,789,497,736,290,1265,421,605,415,2151,773,653,629,1683,1181,792,1163,603,918,680,1064,599,491,463,540,1184,377,327,389,2104,848,434,916,923,1270,403,1470,409,708,353,594,668,447,287,396,1653,427,275,331,2738,887,389,842,1018,1798,518,1432,489,1058,424,933,603,551,299,389,1002,349,267,260,2003,347,278,359,3007,894,369,1081,720,1321,427,2274,359,1100,385,1103,466,539,252,594,1113,440,194,385,2383,925,322,793,895,1042,315,1402,719,701,208,643,1460,580,165,591,1785,968,200,1115,902,1016,160,1232,873,869,93,776,1315,691,35,602
9.709416645149984,0.004993587968284244,0.0024015022983029,0.005913922975550071,6.070498879779291,2.9243306474403714,7.12924425719451,803,152,617,874,1227,127,580,585,2141,215,486,840,1679,468,753,1903,597,563,634,1435,587,302,422,808,1205,194,330,624,2091,291,451,1210,921,228,620,2257,413,186,470,1192,670,82,440,644,1693,110,460,539,2754,377,610,1307,1007,640,673,2828,497,356,532,1442,615,189,366,644,1022,137,273,460,1991,168,304,522,3015,356,397,1467,726,490,556,2696,362,398,435,1602,459,231,291,813,1105,142,234,525,2395,288,283,1146,906,271,292,2147,714,150,186,1169,1458,93,169,911,1792,239,295,1860,914,257,352,1893,874,206,297,1039,1331,232,295,932
9.709416645149984,0.004993587968284244,0.0024015022983029,0.005913922975550071,6.070498879779291,2.9243306474403714,7.12924425719451,803,152,617,874,1227,127,580,585,2141,215,486,840,1679,468,753,1903,597,563,634,1435,587,302,422,808,1205,194,330,624,2091,291,451,1210,921,228,620,2257,413,186,470,1192,670,82,440,644,1693,110,460,539,2754,377,610,1307,1007,640,673,2828,497,356,532,1442,615,189,366,644,1022,137,273,460,1991,168,304,522,3015,356,397,1467,726,490,556,2696,362,398,435,1602,459,231,291,813,1105,142,234,525,2395,288,283,1146,906,271,292,2147,714,150,186,1169,1458,93,169,911,1792,239,295,1860,914,257,352,1893,874,206,297,1039,1331,232,295,932
9.709416645149984,0.004993587968284244,0.0024015022983029,0.005913922975550071,6.070498879779291,2.9243306474403714,7.12924425719451,803,152,617,874,1227,127,580,585,2141,215,486,840,1679,468,753,1903,597,563,634,1435,587,302,422,808,1205,194,330,624,2091,291,451,1210,921,228,620,2257,413,186,470,1192,670,82,440,644,1693,110,460,539,2754,377,610,1307,1007,640,673,2828,497,356,532,1442,615,189,366,644,1022,137,273,460,1991,168,304,522,3015,356,397,1467,726,490,556,2696,362,398,435,1602,459,231,291,813,1105,142,234,525,2395,288,283,1146,906,271,292,2147,714,150,186,1169,1458,93,169,911,1792,239,295,1860,914,257,352,1893,874,206,297,1039,1331,232,295,932
9.709416645149984,0.004993587968284244,0.0024015022983029,0.005913922975550071,6.070498879779291,2.9243306474403714,7.12924425719451,803,152,617,874,1227,127,580,585,2141,215,486,840,1679,468,753,1903,597,563,634,1435,587,302,422,808,1205,194,330,624,2091,291,451,1210,921,228,620,2257,413,186,470,1192,670,82,440,644,1693,110,460,539,2754,377,610,1307,1007,640,673,2828,497,356,532,1442,615,189,366,644,1022,137,273,460,1991,168,304,522,3015,356,397,1467,726,490,556,2696,362,398,435,1602,459,231,291,813,1105,142,234,525,2395,288,283,1146,906,271,292,2147,714,150,186,1169,1458,93,169,911,1792,239,295,1860,914,257,352,1893,874,206,297,1039,1331,232,295,932
9.709416645149984,0.004993587968284244,0.0024015022983029,0.005913922975550071,6.070498879779291,2.9243306474403714,7.12924425719451,803,152,617,874,1227,127,580,585,2141,215,486,840,1679,468,753,1903,597,563,634,1435,587,302,422,808,1205,194,330,624,2091,291,451,1210,921,228,620,2257,413,186,470,1192,670,82,440,644,1693,110,460,539,2754,377,610,1307,1007,640,673,2828,497,356,532,1442,615,189,366,644,1022,137,273,460,1991,168,304,522,3015,356,397,1467,726,490,556,2696,362,398,435,1602,459,231,291,813,1105,142,234,525,2395,288,283,1146,906,271,292,2147,714,150,186,1169,1458,93,169,911,1792,239,295,1860,914,257,352,1893,874,206,297,1039,1331,232,295,932
9.709416645149984,0.004993587968284244,0.0024015022983029,0.005913922975550071,6.070498879779291,2.9243306474403714,7.12924425719451,803,152,617,874,1227,127,580,585,2141,215,486,840,1679,468,753,1903,597,563,634,1435,587,302,422,808,1205,194,330,624,2091,291,451,1210,921,228,620,2257,413,186,470,1192,670,82,440,644,1693,110,460,539,2754,377,610,1307,1007,640,673,2828,497,356,532,1442,615,189,366,644,1022,137,273,460,1991,168,304,522,3015,356,397,1467,726,490,556,2696,362,398,435,1602,459,231,291,813,1105,142,234,525,2395,288,283,1146,906,271,292,2147,714,150,186,1169,1458,93,169,911,1792,239,295,1860,914,257,352,1893,874,206,297,1039,1331,232,295,932
9.81630371467893,0.004937644687257893,0.002388422419024377,0.0059851210616182135,6.18571277278705,2.900145943847935,7.196164941048405,797,416,752,795,1243,263,728,577,2135,194,782,733,1684,383,1071,1884,596,162,878,1976,611,70,586,1057,1177,32,506,699,2118,31,651,1341,940,29,881,2567,409,7,728,1577,686,7,568,796,1678,0,573,591,2743,0,847,1284,1008,0,1138,2633,481,0,1034,1859,606,0,751,780,1006,0,590,553,2018,0,442,431,3017,0,675,1962,703,0,791,3355,368,0,520,1834,460,0,374,970,1113,0,264,562,2387,0,362,1259,914,0,416,2682,702,0,349,1253,1460,0,233,919,1807,0,220,1913,910,0,155,1961,865,0,146,1381,1338,0,101,1291
9.81630371467893,0.004937644687257893,0.002388422419024377,0.0059851210616182135,6.18571277278705,2.900145943847935,7.196164941048405,797,416,752,795,1243,263,728,577,2135,194,782,733,1684,383,1071,1884,596,162,878,1976,611,70,586,1057,1177,32,506,699,2118,31,651,1341,940,29,881,2567,409,7,728,1577,686,7,568,796,1678,0,573,591,2743,0,847,1284,1008,0,1138,2633,481,0,1034,1859,606,0,751,780,1006,0,590,553,2018,0,442,431,3017,0,675,1962,703,0,791,3355,368,0,520,1834,460,0,374,970,1113,0,264,562,2387,0,362,1259,914,0,416,2682,702,0,349,1253,1460,0,233,919,1807,0,220,1913,910,0,155,1961,865,0,146,1381,1338,0,101,1291
9.81630371467893,0.004937644687257893,0.002388422419024377,0.0059851210616182135,6.18571277278705,2.900145943847935,7.196164941048405,797,416,752,795,1243,263,728,577,2135,194,782,733,1684,383,1071,1884,596,162,878,1976,611,70,586,1057,1177,32,506,699,2118,31,651,1341,940,29,881,2567,409,7,728,1577,686,7,568,796,1678,0,573,591,2743,0,847,1284,1008,0,1138,2633,481,0,1034,1859,606,0,751,780,1006,0,590,553,2018,0,442,431,3017,0,675,1962,703,0,791,3355,368,0,520,1834,460,0,374,970,1113,0,264,562,2387,0,362,1259,914,0,416,2682,702,0,349,1253,1460,0,233,919,1807,0,220,1913,910,0,155,1961,865,0,146,1381,1338,0,101,1291
9.894042093531933,0.004936199974950442,0.0023929280418239444,0.0060048124882214685,6.120862117518603,2.876101775014872,7.247220210798253,806,97,705,706,1258,99,709,668,2143,56,911,1046,1684,126,1213,2010,592,83,1143,1685,593,19,855,989,1198,19,633,668,2092,35,643,1211,942,46,786,2437,412,7,760,1456,684,4,618,627,1673,6,580,606,2735,18,1034,1605,994,8,1217,2514,508,18,861,1510,615,15,671,755,995,6,584,359,1994,9,505,441,3023,68,861,1844,719,13,1043,2930,337,8,1015,1570,469,1,724,820,1116,0,585,503,2372,0,859,1377,906,0,1019,2011,724,0,810,1166,1469,0,751,1007,1779,0,914,1341,895,0,939,1648,862,0,771,1202,1315,0,689,953
9.894042093531933,0.004936199974950442,0.0023929280418239444,0.0060048124882214685,6.120862117518603,2.876101775014872,7.247220210798253,806,97,705,706,1258,99,709,668,2143,56,911,1046,1684,126,1213,2010,592,83,1143,1685,593,19,855,989,1198,19,633,668,2092,35,643,1211,942,46,786,2437,412,7,760,1456,684,4,618,627,1673,6,580,606,2735,18,1034,1605,994,8,1217,2514,508,18,861,1510,615,15,671,755,995,6,584,359,1994,9,505,441,3023,68,861,1844,719,13,1043,2930,337,8,1015,1570,469,1,724,820,1116,0,585,503,2372,0,859,1377,906,0,1019,2011,724,0,810,1166,1469,0,751,1007,1779,0,914,1341,895,0,939,1648,862,0,771,1202,1315,0,689,953
9.894042093531933,0.004936199974950442,0.0023929280418239444,0.0060048124882214685,6.120862117518603,2.876101775014872,7.247220210798253,806,97,705,706,1258,99,709,668,2143,56,911,1046,1684,126,1213,2010,592,83,1143,1685,593,19,855,989,1198,19,633,668,2092,35,643,1211,942,46,786,2437,412,7,760,1456,684,4,618,627,1673,6,580,606,2735,18,1034,1605,994,8,1217,2514,508,18,861,1510,615,15,671,755,995,6,584,359,1994,9,505,441,3023,68,861,1844,719,13,1043,2930,337,8,1015,1570,469,1,724,820,1116,0,585,503,2372,0,859,1377,906,0,1019,2011,724,0,810,1166,1469,0,751,1007,1779,0,914,1341,895,0,939,1648,862,0,771,1202,1315,0,689,953
9.894042093531933,0.004936199974950442,0.0023929280418239444,0.0060048124882214685,6.120862117518603,2.876101775014872,7.247220210798253,806,97,705,706,1258,99,709,668,2143,56,911,1046,1684,126,1213,2010,592,83,1143,1685,593,19,855,989,1198,19,633,668,2092,35,643,1211,942,46,786,2437,412,7,760,1456,684,4,618,627,1673,6,580,606,2735,18,1034,1605,994,8,1217,2514,508,18,861,1510,615,15,671,755,995,6,584,359,1994,9,505,441,3023,68,861,1844,719,13,1043,2930,337,8,1015,1570,469,1,724,820,1116,0,585,503,2372,0,859,1377,906,0,1019,2011,724,0,810,1166,1469,0,751,1007,1779,0,914,1341,895,0,939,1648,862,0,771,1202,1315,0,689,953
9.894042093531933,0.004936199974950442,0.0023929280418239444,0.0060048124882214685,6.120862117518603,2.876101775014872,7.247220210798253,806,97,705,706,1258,99,709,668,2143,56,911,1046,1684,126,1213,2010,592,83,1143,1685,593,19,855,989,1198,19,633,668,2092,35,643,1211,942,46,786,2437,412,7,760,1456,684,4,618,627,1673,6,580,606,2735,18,1034,1605,994,8,1217,2514,508,18,861,1510,615,15,671,755,995,6,584,359,1994,9,505,441,3023,68,861,1844,719,13,1043,2930,337,8,1015,1570,469,1,724,820,1116,0,585,503,2372,0,859,1377,906,0,1019,2011,724,0,810,1166,1469,0,751,1007,1779,0,914,1341,895,0,939,1648,862,0,771,1202,1315,0,689,953
9.894042093531933,0.004936199974950442,0.0023929280418239444,0.0060048124882214685,6.120862117518603,2.876101775014872,7.247220210798253,806,97,705,706,1258,99,709,668,2143,56,911,1046,1684,126,1213,2010,592,83,1143,1685,593,19,855,989,1198,19,633,668,2092,35,643,1211,942,46,786,2437,412,7,760,1456,684,4,618,627,1673,6,580,606,2735,18,1034,1605,994,8,1217,2514,508,18,861,1510,615,15,671,755,995,6,584,359,1994,9,505,441,3023,68,861,1844,719,13,1043,2930,337,8,1015,1570,469,1,724,820,1116,0,585,503,2372,0,859,1377,906,0,1019,2011,724,0,810,1166,1469,0,751,1007,1779,0,914,1341,895,0,939,1648,862,0,771,1202,1315,0,689,953
9.894042093531933,0.004936199974950442,0.0023929280418239444,0.0060048124882214685,6.120862117518603,2.876101775014872,7.247220210798253,806,97,705,706,1258,99,709,668,2143,56,911,1046,1684,126,1213,2010,592,83,1143,1685,593,19,855,989,1198,19,633,668,2092,35,643,1211,942,46,786,2437,412,7,760,1456,684,4,618,627,1673,6,580,606,2735,18,1034,1605,994,8,1217,2514,508,18,861,1510,615,15,671,755,995,6,584,359,1994,9,505,441,3023,68,861,1844,719,13,1043,2930,337,8,1015,1570,469,1,724,820,1116,0,585,503,2372,0,859,1377,906,0,1019,2011,724,0,810,1166,1469,0,751,1007,1779,0,914,1341,895,0,939,1648,862,0,771,1202,1315,0,689,953
9.894042093531933,0.004936199974950442,0.0023929280418239444,0.0060048124882214685,6.120862117518603,2.876101775014872,7.247220210798253,806,97,705,706,1258,99,709,668,2143,56,911,1046,1684,126,1213,2010,592,83,1143,1685,593,19,855,989,1198,19,633,668,2092,35,643,1211,942,46,786,2437,412,7,760,1456,684,4,618,627,1673,6,580,606,2735,18,1034,1605,994,8,1217,2514,508,18,861,1510,615,15,671,755,995,6,584,359,1994,9,505,441,3023,68,861,1844,719,13,1043,2930,337,8,1015,1570,469,1,724,820,1116,0,585,503,2372,0,859,1377,906,0,1019,2011,724,0,810,1166,1469,0,751,1007,1779,0,914,1341,895,0,939,1648,862,0,771,1202,1315,0,689,953
9.894042093531933,0.004936199974950442,0.0023929280418239444,0.0060048124882214685,6.120862117518603,2.876101775014872,7.247220210798253,806,97,705,706,1258,99,709,668,2143,56,911,1046,1684,126,1213,2010,592,83,1143,1685,593,19,855,989,1198,19,633,668,2092,35,643,1211,942,46,786,2437,412,7,760,1456,684,4,618,627,1673,6,580,606,2735,18,1034,1605,994,8,1217,2514,508,18,861,1510,615,15,671,755,995,6,584,359,1994,9,505,441,3023,68,861,1844,719,13,1043,2930,337,8,1015,1570,469,1,724,820,1116,0,585,503,2372,0,859,1377,906,0,1019,2011,724,0,810,1166,1469,0,751,1007,1779,0,914,1341,895,0,939,1648,862,0,771,1202,1315,0,689,953
9.894042093531933,0.004936199974950442,0.0023929280418239444,0.0060048124882214685,6.120862117518603,2.876101775014872,7.247220210798253,806,97,705,706,1258,99,709,668,2143,56,911,1046,1684,126,1213,2010,592,83,1143,1685,593,19,855,989,1198,19,633,668,2092,35,643,1211,942,46,786,2437,412,7,760,1456,684,4,618,627,1673,6,580,606,2735,18,1034,1605,994,8,1217,2514,508,18,861,1510,615,15,671,755,995,6,584,359,1994,9,505,441,3023,68,861,1844,719,13,1043,2930,337,8,1015,1570,469,1,724,820,1116,0,585,503,2372,0,859,1377,906,0,1019,2011,724,0,810,1166,1469,0,751,1007,1779,0,914,1341,895,0,939,1648,862,0,771,1202,1315,0,689,953
9.894042093531933,0.004936199974950442,0.0023929280418239444,0.0060048124882214685,6.120862117518603,2.876101775014872,7.247220210798253,806,97,705,706,1258,99,709,668,2143,56,911,1046,1684,126,1213,2010,592,83,1143,1685,593,19,855,989,1198,19,633,668,2092,35,643,1211,942,46,786,2437,412,7,760,1456,684,4,618,627,1673,6,580,606,2735,18,1034,1605,994,8,1217,2514,508,18,861,1510,615,15,671,755,995,6,584,359,1994,9,505,441,3023,68,861,1844,719,13,1043,2930,337,8,1015,1570,469,1,724,820,1116,0,585,503,2372,0,859,1377,906,0,1019,2011,724,0,810,1166,1469,0,751,1007,1779,0,914,1341,895,0,939,1648,862,0,771,1202,1315,0,689,953
9.763956096082838,0.0049063690003549034,0.0023814600907944594,0.005972924623059481,6.148095652613348,2.908173990611833,7.20979127783921,799,801,767,369,1260,529,665,279,2128,484,754,420,1694,1171,1152,1497,613,671,935,1344,589,323,785,676,1180,125,515,525,2112,172,671,1041,941,280,858,2076,403,151,729,1245,659,84,587,583,1683,38,536,576,2749,61,783,1544,1022,85,1029,2712,503,40,743,1911,620,10,528,760,1003,12,331,385,1989,13,375,375,3023,18,754,1567,711,25,1166,3071,358,7,802,1559,470,0,612,759,1106,0,452,578,2362,0,619,1248,910,0,713,2538,711,0,450,1359,1483,0,357,828,1802,0,445,1977,899,0,378,1787,892,0,269,1297,1305,0,322,1350
9.763956096082838,0.0049063690003549034,0.0023814600907944594,0.005972924623059481,6.148095652613348,2.908173990611833,7.20979127783921,799,801,767,369,1260,529,665,279,2128,484,754,420,1694,1171,1152,1497,613,671,935,1344,589,323,785,676,1180,125,515,525,2112,172,671,1041,941,280,858,2076,403,151,729,1245,659,84,587,583,1683,38,536,576,2749,61,783,1544,1022,85,1029,2712,503,40,743,1911,620,10,528,760,1003,12,331,385,1989,13,375,375,3023,18,754,1567,711,25,1166,3071,358,7,802,1559,470,0,612,759,1106,0,452,578,2362,0,619,1248,910,0,713,2538,711,0,450,1359,1483,0,357,828,1802,0,445,1977,899,0,378,1787,892,0,269,1297,1305,0,322,1350
9.763956096082838,0.0049063690003549034,0.0023814600907944594,0.005972924623059481,6.148095652613348,2.908173990611833,7.20979127783921,799,801,767,369,1260,529,665,279,2128,484,754,420,1694,1171,1152,1497,613,671,935,1344,589,323,785,676,1180,125,515,525,2112,172,671,1041,941,280,858,2076,403,151,729,1245,659,84,587,583,1683,38,536,576,2749,61,783,1544,1022,85,1029,2712,503,40,743,1911,620,10,528,760,1003,12,331,385,1989,13,375,375,3023,18,754,1567,711,25,1166,3071,358,7,802,1559,470,0,612,759,1106,0,452,578,2362,0,619,1248,910,0,713,2538,711,0,450,1359,1483,0,357,828,1802,0,445,1977,899,0,378,1787,892,0,269,1297,1305,0,322,1350
9.600922962367012,0.004910225745574412,0.0023398492253626337,0.006005781509673693,6.176327214924266,2.887162506272967,7.2288760796372955,807,678,405,306,1269,516,387,297,2149,634,460,580,1675,1171,663,1552,612,774,590,1513,599,295,432,897,1204,155,349,537,2105,209,391,1007,913,347,525,2262,421,157,375,1233,662,68,290,610,1672,33,344,507,2741,22,641,1344,1024,50,891,2435,487,10,703,1714,615,0,500,866,996,0,417,567,2007,0,405,513,3020,0,715,1681,715,0,814,2963,362,0,552,1743,452,0,459,698,1107,0,331,598,2377,0,379,1427,901,0,398,2279,725,0,307,1114,1460,0,312,885,1803,0,513,1929,899,0,459,1846,872,0,430,1181,1309,0,310,630
9.600922962367012,0.004910225745574412,0.0023398492253626337,0.006005781509673693,6.176327214924266,2.887162506272967,7.2288760796372955,807,678,405,306,1269,516,387,297,2149,634,460,580,1675,1171,663,1552,612,774,590,1513,599,295,432,897,1204,155,349,537,2105,209,391,1007,913,347,525,2262,421,157,375,1233,662,68,290,610,1672,33,344,507,2741,22,641,1344,1024,50,891,2435,487,10,703,1714,615,0,500,866,996,0,417,567,2007,0,405,513,3020,0,715,1681,715,0,814,2963,362,0,552,1743,452,0,459,698,1107,0,331,598,2377,0,379,1427,901,0,398,2279,725,0,307,1114,1460,0,312,885,1803,0,513,1929,899,0,459,1846,872,0,430,1181,1309,0,310,630
9.520153391811036,0.004943613007192582,0.0023255925044818855,0.005948581320855165,6.197297209651914,2.9147992296076053,7.232968301996612,779,479,644,561,1248,377,610,392,2127,511,577,497,1669,953,924,1654,595,619,759,1350,616,360,563,721,1182,208,428,457,2114,341,467,1196,933,453,562,1961,418,288,384,1231,667,145,322,571,1672,113,308,576,2762,193,433,1352,1025,418,639,2646,471,323,565,1641,614,167,387,834,1000,84,282,521,2028,70,305,508,3028,249,562,1946,721,204,513,3008,357,96,450,1507,476,38,359,768,1114,30,318,550,2358,32,383,1490,911,35,543,2362,735,7,374,1278,1460,2,335,987,1801,0,308,1678,916,0,257,2178,881,0,186,1108,1331,0,230,1283
9.520153391811036,0.004943613007192582,0.0023255925044818855,0.005948581320855165,6.197297209651914,2.9147992296076053,7.232968301996612,779,479,644,561,1248,377,610,392,2127,511,577,497,1669,953,924,1654,595,619,759,1350,616,360,563,721,1182,208,428,457,2114,341,467,1196,933,453,562,1961,418,288,384,1231,667,145,322,571,1672,113,308,576,2762,193,433,1352,1025,418,639,2646,471,323,565,1641,614,167,387,834,1000,84,282,521,2028,70,305,508,3028,249,562,1946,721,204,513,3008,357,96,450,1507,476,38,359,768,1114,30,318,550,2358,32,383,1490,911,35,543,2362,735,7,374,1278,1460,2,335,987,1801,0,308,1678,916,0,257,2178,881,0,186,1108,1331,0,230,1283
9.520153391811036,0.004943613007192582,0.0023255925044818855,0.005948581320855165,6.197297209651914,2.9147992296076053,7.232968301996612,779,479,644,561,1248,377,610,392,2127,511,577,497,1669,953,924,1654,595,619,759,1350,616,360,563,721,1182,208,428,457,2114,341,467,1196,933,453,562,1961,418,288,384,1231,667,145,322,571,1672,113,308,576,2762,193,433,1352,1025,418,639,2646,471,323,565,1641,614,167,387,834,1000,84,282,521,2028,70,305,508,3028,249,562,1946,721,204,513,3008,357,96,450,1507,476,38,359,768,1114,30,318,550,2358,32,383,1490,911,35,543,2362,735,7,374,1278,1460,2,335,987,1801,0,308,1678,916,0,257,2178,881,0,186,1108,1331,0,230,1283
9.520153391811036,0.004943613007192582,0.0023255925044818855,0.005948581320855165,6.197297209651914,2.9147992296076053,7.232968301996612,779,479,644,561,1248,377,610,392,2127,511,577,497,1669,953,924,1654,595,619,759,1350,616,360,563,721,1182,208,428,457,2114,341,467,1196,933,453,562,1961,418,288,384,1231,667,145,322,571,1672,113,308,576,2762,193,433,1352,1025,418,639,2646,471,323,565,1641,614,167,387,834,1000,84,282,521,2028,70,305,508,3028,249,562,1946,721,204,513,3008,357,96,450,1507,476,38,359,768,1114,30,318,550,2358,32,383,1490,911,35,543,2362,735,7,374,1278,1460,2,335,987,1801,0,308,1678,916,0,257,2178,881,0,186,1108,1331,0,230,1283
9.520153391811036,0.004943613007192582,0.0023255925044818855,0.005948581320855165,6.197297209651914,2.9147992296076053,7.232968301996612,779,479,644,561,1248,377,610,392,2127,511,577,497,1669,953,924,1654,595,619,759,1350,616,360,563,721,1182,208,428,457,2114,341,467,1196,933,453,562,1961,418,288,384,1231,667,145,322,571,1672,113,308,576,2762,193,433,1352,1025,418,639,2646,471,323,565,1641,614,167,387,834,1000,84,282,521,2028,70,305,508,3028,249,562,1946,721,204,513,3008,357,96,450,1507,476,38,359,768,1114,30,318,550,2358,32,383,1490,911,35,543,2362,735,7,374,1278,1460,2,335,987,1801,0,308,1678,916,0,257,2178,881,0,186,1108,1331,0,230,1283
9.520153391811036,0.004943613007192582,0.0023255925044818855,0.005948581320855165,6.197297209651914,2.9147992296076053,7.232968301996612,779,479,644,561,1248,377,610,392,2127,511,577,497,1669,953,924,1654,595,619,759,1350,616,360,563,721,1182,208,428,457,2114,341,467,1196,933,453,562,1961,418,288,384,1231,667,145,322,571,1672,113,308,576,2762,193,433,1352,1025,418,639,2646,471,323,565,1641,614,167,387,834,1000,84,282,521,2028,70,305,508,3028,249,562,1946,721,204,513,3008,357,96,450,1507,476,38,359,768,1114,30,318,550,2358,32,383,1490,911,35,543,2362,735,7,374,1278,1460,2,335,987,1801,0,308,1678,916,0,257,2178,881,0,186,1108,1331,0,230,1283
9.545716377643394,0.004920233542017057,0.0023341366527323266,0.006063091205824281,6.147282115759359,2.8586147091841307,7.228519433450577,811,574,393,533,1260,245,307,407,2164,459,413,917,1681,610,553,1782,577,445,444,1423,599,199,258,675,1198,151,245,553,2101,250,436,1598,928,286,546,2414,404,131,488,1250,677,40,368,546,1675,21,355,446,2762,63,662,1347,997,131,864,2760,498,89,651,1646,628,31,493,924,998,12,354,485,1996,25,455,608,3007,37,728,1887,712,0,814,2957,369,0,479,1493,463,0,292,721,1115,0,237,599,2363,0,269,1689,894,0,303,2278,722,0,177,1225,1468,0,135,803,1801,0,236,1884,880,0,145,2066,871,0,88,1317,1322,0,67,1159
9.545716377643394,0.004920233542017057,0.0023341366527323266,0.006063091205824281,6.147282115759359,2.8586147091841307,7.228519433450577,811,574,393,533,1260,245,307,407,2164,459,413,917,1681,610,553,1782,577,445,444,1423,599,199,258,675,1198,151,245,553,2101,250,436,1598,928,286,546,2414,404,131,488,1250,677,40,368,546,1675,21,355,446,2762,63,662,1347,997,131,864,2760,498,89,651,1646,628,31,493,924,998,12,354,485,1996,25,455,608,3007,37,728,1887,712,0,814,2957,369,0,479,1493,463,0,292,721,1115,0,237,599,2363,0,269,1689,894,0,303,2278,722,0,177,1225,1468,0,135,803,1801,0,236,1884,880,0,145,2066,871,0,88,1317,1322,0,67,1159
9.545716377643394,0.004920233542017057,0.0023341366527323266,0.006063091205824281,6.147282115759359,2.8586147091841307,7.228519433450577,811,574,393,533,1260,245,307,407,2164,459,413,917,1681,610,553,1782,577,445,444,1423,599,199,258,675,1198,151,245,553,2101,250,436,1598,928,286,546,2414,404,131,488,1250,677,40,368,546,1675,21,355,446,2762,63,662,1347,997,131,864,2760,498,89,651,1646,628,31,493,924,998,12,354,485,1996,25,455,608,3007,37,728,1887,712,0,814,2957,369,0,479,1493,463,0,292,721,1115,0,237,599,2363,0,269,1689,894,0,303,2278,722,0,177,1225,1468,0,135,803,1801,0,236,1884,880,0,145,2066,871,0,88,1317,1322,0,67,1159
9.545716377643394,0.004920233542017057,0.0023341366527323266,0.006063091205824281,6.147282115759359,2.8586147091841307,7.228519433450577,811,574,393,533,1260,245,307,407,2164,459,413,917,1681,610,553,1782,577,445,444,1423,599,199,258,675,1198,151,245,553,2101,250,436,1598,928,286,546,2414,404,131,488,1250,677,40,368,546,1675,21,355,446,2762,63,662,1347,997,131,864,2760,498,89,651,1646,628,31,493,924,998,12,354,485,1996,25,455,608,3007,37,728,1887,712,0,814,2957,369,0,479,1493,463,0,292,721,1115,0,237,599,2363,0,269,1689,894,0,303,2278,722,0,177,1225,1468,0,135,803,1801,0,236,1884,880,0,145,2066,871,0,88,1317,1322,0,67,1159
9.545716377643394,0.004920233542017057,0.0023341366527323266,0.006063091205824281,6.147282115759359,2.8586147091841307,7.228519433450577,811,574,393,533,1260,245,307,407,2164,459,413,917,1681,610,553,1782,577,445,444,1423,599,199,258,675,1198,151,245,553,2101,250,436,1598,928,286,546,2414,404,131,488,1250,677,40,368,546,1675,21,355,446,2762,63,662,1347,997,131,864,2760,498,89,651,1646,628,31,493,924,998,12,354,485,1996,25,455,608,3007,37,728,1887,712,0,814,2957,369,0,479,1493,463,0,292,721,1115,0,237,599,2363,0,269,1689,894,0,303,2278,722,0,177,1225,1468,0,135,803,1801,0,236,1884,880,0,145,2066,871,0,88,1317,1322,0,67,1159
9.545716377643394,0.004920233542017057,0.0023341366527323266,0.006063091205824281,6.147282115759359,2.8586147091841307,7.228519433450577,811,574,393,533,1260,245,307,407,2164,459,413,917,1681,610,553,1782,577,445,444,1423,599,199,258,675,1198,151,245,553,2101,250,436,1598,928,286,546,2414,404,131,488,1250,677,40,368,546,1675,21,355,446,2762,63,662,1347,997,131,864,2760,498,89,651,1646,628,31,493,924,998,12,354,485,1996,25,455,608,3007,37,728,1887,712,0,814,2957,369,0,479,1493,463,0,292,721,1115,0,237,599,2363,0,269,1689,894,0,303,2278,722,0,177,1225,1468,0,135,803,1801,0,236,1884,880,0,145,2066,871,0,88,1317,1322,0,67,1159
9.57717954703025,0.004856740554102902,0.0023121675460693737,0.006019550007220922,6.206246441981747,2.8562760261466322,7.302519345094106,799,34,994,573,1247,5,864,536,2147,21,962,862,1674,23,1203,2130,606,10,1102,1870,592,2,728,1024,1197,0,540,672,2121,0,669,1599,937,0,799,2309,419,0,644,1234,659,0,497,576,1667,0,467,471,2758,0,620,1143,1024,0,884,2723,504,0,703,1610,603,0,537,816,998,0,448,420,2011,0,416,416,3004,0,752,2011,719,0,696,2989,354,0,553,1670,457,0,367,826,1116,0,236,564,2385,0,286,1678,910,0,261,2167,715,0,259,1006,1476,0,232,825,1803,0,246,1810,894,0,200,2042,867,0,169,1229,1319,0,163,1055
9.57717954703025,0.004856740554102902,0.0023121675460693737,0.006019550007220922,6.206246441981747,2.8562760261466322,7.302519345094106,799,34,994,573,1247,5,864,536,2147,21,962,862,1674,23,1203,2130,606,10,1102,1870,592,2,728,1024,1197,0,540,672,2121,0,669,1599,937,0,799,2309,419,0,644,1234,659,0,497,576,1667,0,467,471,2758,0,620,1143,1024,0,884,2723,504,0,703,1610,603,0,537,816,998,0,448,420,2011,0,416,416,3004,0,752,2011,719,0,696,2989,354,0,553,1670,457,0,367,826,1116,0,236,564,2385,0,286,1678,910,0,261,2167,715,0,259,1006,1476,0,232,825,1803,0,246,1810,894,0,200,2042,867,0,169,1229,1319,0,163,1055
9.48073546754803,0.004833475603945325,0.00231197768467671,0.006065193560547626,6.1824599376123865,2.8779178785275796,7.402585265794774,797,261,858,673,1272,165,734,557,2125,159,956,851,1672,215,1232,1974,623,89,1118,1381,586,69,837,898,1199,35,686,707,2098,74,692,1332,943,74,875,2180,422,33,748,1334,684,8,626,686,1659,3,530,620,2745,6,552,1237,1008,14,864,2445,514,38,768,1521,620,20,500,699,1004,10,378,521,2000,6,405,473,3036,9,722,1777,702,0,800,2789,355,0,536,1187,462,0,376,633,1137,0,322,519,2372,0,434,1409,894,0,475,2051,722,0,389,1237,1468,0,328,878,1805,0,448,1826,890,0,508,1860,870,0,365,1133,1343,0,348,1030
9.537867736136683,0.004714880914514611,0.002307332378553143,0.006112807310338421,6.1607246177350845,2.853918652921654,7.34742719318833,807,705,574,384,1252,488,610,305,2144,547,760,601,1683,644,1003,1923,605,516,982,1663,601,212,623,805,1190,216,510,521,2109,221,649,1131,925,283,918,2231,433,95,784,1251,652,57,514,537,1667,29,495,515,2751,64,763,1213,998,34,1163,2728,503,18,963,1597,624,29,753,772,999,2,551,394,1999,0,512,412,3006,0,894,2056,705,0,831,2960,367,0,619,1472,456,0,442,761,1128,0,311,599,2378,0,397,1304,892,0,388,2451,707,0,312,1269,1477,0,257,1175,1795,0,303,1787,914,0,304,2119,882,0,296,1268,1313,0,295,973
9.51578398147931,0.004711741894087399,0.0023569288609376045,0.006159109206957608,6.1761688942499875,2.8644448555467035,7.411264541795084,804,636,897,384,1273,326,818,321,2145,302,866,644,1688,459,1125,1937,616,326,960,1532,596,77,818,893,1203,38,639,597,2119,17,694,1008,947,43,865,2323,416,36,714,1375,658,0,518,710,1670,0,454,559,2739,0,607,1294,1020,0,832,2594,475,0,741,1458,605,0,559,616,1006,0,421,363,2012,0,426,478,3006,0,654,1824,721,0,883,3317,368,0,528,1689,469,0,461,866,1125,0,375,563,2359,0,516,1382,893,0,621,2307,716,0,450,1020,1477,0,357,743,1811,0,577,1840,900,0,553,1826,856,0,454,1188,1323,0,427,822
9.51578398147931,0.004711741894087399,0.0023569288609376045,0.006159109206957608,6.1761688942499875,2.8644448555467035,7.411264541795084,804,636,897,384,1273,326,818,321,2145,302,866,644,1688,459,1125,1937,616,326,960,1532,596,77,818,893,1203,38,639,597,2119,17,694,1008,947,43,865,2323,416,36,714,1375,658,0,518,710,1670,0,454,559,2739,0,607,1294,1020,0,832,2594,475,0,741,1458,605,0,559,616,1006,0,421,363,2012,0,426,478,3006,0,654,1824,721,0,883,3317,368,0,528,1689,469,0,461,866,1125,0,375,563,2359,0,516,1382,893,0,621,2307,716,0,450,1020,1477,0,357,743,1811,0,577,1840,900,0,553,1826,856,0,454,1188,1323,0,427,822
9.51578398147931,0.004711741894087399,0.0023569288609376045,0.006159109206957608,6.1761688942499875,2.8644448555467035,7.411264541795084,804,636,897,384,1273,326,818,321,2145,302,866,644,1688,459,1125,1937,616,326,960,1532,596,77,818,893,1203,38,639,597,2119,17,694,1008,947,43,865,2323,416,36,714,1375,658,0,518,710,1670,0,454,559,2739,0,607,1294,1020,0,832,2594,475,0,741,1458,605,0,559,616,1006,0,421,363,2012,0,426,478,3006,0,654,1824,721,0,883,3317,368,0,528,1689,469,0,461,866,1125,0,375,563,2359,0,516,1382,893,0,621,2307,716,0,450,1020,1477,0,357,743,1811,0,577,1840,900,0,553,1826,856,0,454,1188,1323,0,427,822
9.600664062926246,0.004758114739891575,0.002300554285907104,0.006079627866241113,6.210296456775782,2.8029154634115026,7.410089719911907,811,269,624,340,1264,304,628,335,2144,178,655,427,1694,272,929,1678,591,130,870,1568,578,54,592,785,1174,37,570,644,2090,17,648,1402,920,33,727,2300,406,0,616,1249,667,0,440,551,1677,0,497,562,2758,0,712,1501,1000,0,756,2858,478,0,570,1519,617,0,401,698,996,0,274,340,2008,0,294,457,3021,0,640,2119,700,0,745,3047,364,0,541,1682,475,0,437,683,1102,0,361,583,2371,0,413,1200,913,0,600,2356,727,0,508,1122,1477,0,499,948,1797,0,486,1893,913,0,558,1794,869,0,508,1155,1328,0,514,1136
9.723709798285036,0.004759263644429644,0.0022967187045510543,0.005985228871724002,6.268892344768945,2.8410476369149724,7.370415747192304,798,310,792,517,1273,148,820,399,2122,137,932,801,1685,255,1343,2016,614,94,1191,1650,597,55,761,893,1210,28,728,737,2100,6,953,1356,928,7,1218,2136,436,4,942,1305,680,0,656,673,1649,0,564,588,2751,0,914,2065,1010,0,1233,2732,504,0,955,1596,611,0,717,637,1005,0,599,410,2004,0,631,499,2998,0,957,1657,717,0,1165,3461,354,0,791,1915,462,0,545,872,1114,0,391,474,2384,0,543,1110,906,0,567,2044,728,0,390,1004,1471,0,344,797,1801,0,454,1979,893,0,367,1755,872,0,346,1182,1323,0,346,1020
9.723709798285036,0.004759263644429644,0.0022967187045510543,0.005985228871724002,6.268892344768945,2.8410476369149724,7.370415747192304,798,310,792,517,1273,148,820,399,2122,137,932,801,1685,255,1343,2016,614,94,1191,1650,597,55,761,893,1210,28,728,737,2100,6,953,1356,928,7,1218,2136,436,4,942,1305,680,0,656,673,1649,0,564,588,2751,0,914,2065,1010,0,1233,2732,504,0,955,1596,611,0,717,637,1005,0,599,410,2004,0,631,499,2998,0,957,1657,717,0,1165,3461,354,0,791,1915,462,0,545,872,1114,0,391,474,2384,0,543,1110,906,0,567,2044,728,0,390,1004,1471,0,344,797,1801,0,454,1979,893,0,367,1755,872,0,346,1182,1323,0,346,1020
9.558498772435781,0.00480069757615405,0.0023116443688810306,0.00597218112528269,6.26160299661422,2.826226452571247,7.1999412747798335,791,804,255,112,1278,577,329,146,2150,841,384,412,1692,1308,694,1276,593,646,625,1438,604,188,469,895,1201,111,436,635,2109,102,568,1307,920,72,679,2184,428,20,574,1268,670,6,498,693,1676,1,468,619,2763,0,713,1368,995,0,900,2499,509,0,732,1657,608,0,490,867,998,0,440,491,2032,0,414,494,3022,0,593,1609,718,0,632,2799,355,0,522,1437,478,0,360,793,1137,0,322,539,2385,0,457,1432,906,0,521,2164,715,0,441,1188,1450,0,425,1018,1801,0,610,1804,890,0,572,1852,884,0,448,1062,1325,0,371,1041
9.558498772435781,0.00480069757615405,0.0023116443688810306,0.00597218112528269,6.26160299661422,2.826226452571247,7.1999412747798335,791,804,255,112,1278,577,329,146,2150,841,384,412,1692,1308,694,1276,593,646,625,1438,604,188,469,895,1201,111,436,635,2109,102,568,1307,920,72,679,2184,428,20,574,1268,670,6,498,693,1676,1,468,619,2763,0,713,1368,995,0,900,2499,509,0,732,1657,608,0,490,867,998,0,440,491,2032,0,414,494,3022,0,593,1609,718,0,632,2799,355,0,522,1437,478,0,360,793,1137,0,322,539,2385,0,457,1432,906,0,521,2164,715,0,441,1188,1450,0,425,1018,1801,0,610,1804,890,0,572,1852,884,0,448,1062,1325,0,371,1041
9.558498772435781,0.00480069757615405,0.0023116443688810306,0.00597218112528269,6.26160299661422,2.826226452571247,7.1999412747798335,791,804,255,112,1278,577,329,146,2150,841,384,412,1692,1308,694,1276,593,646,625,1438,604,188,469,895,1201,111,436,635,2109,102,568,1307,920,72,679,2184,428,20,574,1268,670,6,498,693,1676,1,468,619,2763,0,713,1368,995,0,900,2499,509,0,732,1657,608,0,490,867,998,0,440,491,2032,0,414,494,3022,0,593,1609,718,0,632,2799,355,0,522,1437,478,0,360,793,1137,0,322,539,2385,0,457,1432,906,0,521,2164,715,0,441,1188,1450,0,425,1018,1801,0,610,1804,890,0,572,1852,884,0,448,1062,1325,0,371,1041
9.558498772435781,0.00480069757615405,0.0023116443688810306,0.00597218112528269,6.26160299661422,2.826226452571247,7.1999412747798335,791,804,255,112,1278,577,329,146,2150,841,384,412,1692,1308,694,1276,593,646,625,1438,604,188,469,895,1201,111,436,635,2109,102,568,1307,920,72,679,2184,428,20,574,1268,670,6,498,693,1676,1,468,619,2763,0,713,1368,995,0,900,2499,509,0,732,1657,608,0,490,867,998,0,440,491,2032,0,414,494,3022,0,593,1609,718,0,632,2799,355,0,522,1437,478,0,360,793,1137,0,322,539,2385,0,457,1432,906,0,521,2164,715,0,441,1188,1450,0,425,1018,1801,0,610,1804,890,0,572,1852,884,0,448,1062,1325,0,371,1041
9.558498772435781,0.00480069757615405,0.0023116443688810306,0.00597218112528269,6.26160299661422,2.826226452571247,7.1999412747798335,791,804,255,112,1278,577,329,146,2150,841,384,412,1692,1308,694,1276,593,646,625,1438,604,188,469,895,1201,111,436,635,2109,102,568,1307,920,72,679,2184,428,20,574,1268,670,6,498,693,1676,1,468,619,2763,0,713,1368,995,0,900,2499,509,0,732,1657,608,0,490,867,998,0,440,491,2032,0,414,494,3022,0,593,1609,718,0,632,2799,355,0,522,1437,478,0,360,793,1137,0,322,539,2385,0,457,1432,906,0,521,2164,715,0,441,1188,1450,0,425,1018,1801,0,610,1804,890,0,572,1852,884,0,448,1062,1325,0,371,1041
9.558498772435781,0.00480069757615405,0.0023116443688810306,0.00597218112528269,6.26160299661422,2.826226452571247,7.1999412747798335,791,804,255,112,1278,577,329,146,2150,841,384,412,1692,1308,694,1276,593,646,625,1438,604,188,469,895,1201,111,436,635,2109,102,568,1307,920,72,679,2184,428,20,574,1268,670,6,498,693,1676,1,468,619,2763,0,713,1368,995,0,900,2499,509,0,732,1657,608,0,490,867,998,0,440,491,2032,0,414,494,3022,0,593,1609,718,0,632,2799,355,0,522,1437,478,0,360,793,1137,0,322,539,2385,0,457,1432,906,0,521,2164,715,0,441,1188,1450,0,425,1018,1801,0,610,1804,890,0,572,1852,884,0,448,1062,1325,0,371,1041
9.552400775538944,0.0047680780201837135,0.002305187120034274,0.006053407752675159,6.405399296668616,2.846292144015358,7.376745238178046,803,837,563,483,1252,427,565,434,2153,264,682,742,1693,194,1007,1865,613,110,859,1587,601,23,656,851,1201,0,628,678,2096,0,779,1376,932,0,1020,2086,409,0,846,1194,671,0,631,740,1678,0,571,661,2765,0,787,1680,1004,0,987,2373,499,0,885,1485,617,0,661,806,1011,0,554,482,1995,0,633,526,2995,0,974,1727,706,0,1113,2859,344,0,757,1568,454,0,491,866,1133,0,324,590,2377,0,428,1289,897,0,649,2281,706,0,513,1120,1472,0,516,834,1799,0,601,1933,893,0,628,1988,884,0,471,1194,1350,0,354,1129
9.552400775538944,0.0047680780201837135,0.002305187120034274,0.006053407752675159,6.405399296668616,2.846292144015358,7.376745238178046,803,837,563,483,1252,427,565,434,2153,264,682,742,1693,194,1007,1865,613,110,859,1587,601,23,656,851,1201,0,628,678,2096,0,779,1376,932,0,1020,2086,409,0,846,1194,671,0,631,740,1678,0,571,661,2765,0,787,1680,1004,0,987,2373,499,0,885,1485,617,0,661,806,1011,0,554,482,1995,0,633,526,2995,0,974,1727,706,0,1113,2859,344,0,757,1568,454,0,491,866,1133,0,324,590,2377,0,428,1289,897,0,649,2281,706,0,513,1120,1472,0,516,834,1799,0,601,1933,893,0,628,1988,884,0,471,1194,1350,0,354,1129
9.570581340815478,0.0047007943215878825,0.0023082410615632007,0.006048094989850856,6.518139127590152,2.8423160643919863,7.465396517963218,803,767,511,509,1244,257,454,446,2126,243,526,790,1672,296,787,1865,599,155,748,1797,591,19,542,865,1194,9,491,583,2105,20,629,1401,956,13,883,2380,412,3,711,1257,653,0,481,635,1676,0,447,456,2744,0,679,1407,1000,0,857,2628,505,0,715,1228,616,0,598,565,1016,0,387,351,1998,0,500,440,3020,0,958,1554,707,0,1054,2815,328,0,803,1310,469,0,621,654,1126,0,527,525,2360,0,626,1030,916,0,890,2304,709,0,747,1137,1467,0,568,816,1817,0,856,1774,897,0,831,1687,869,0,712,1043,1311,0,722,834
9.570581340815478,0.0047007943215878825,0.0023082410615632007,0.006048094989850856,6.518139127590152,2.8423160643919863,7.465396517963218,803,767,511,509,1244,257,454,446,2126,243,526,790,1672,296,787,1865,599,155,748,1797,591,19,542,865,1194,9,491,583,2105,20,629,1401,956,13,883,2380,412,3,711,1257,653,0,481,635,1676,0,447,456,2744,0,679,1407,1000,0,857,2628,505,0,715,1228,616,0,598,565,1016,0,387,351,1998,0,500,440,3020,0,958,1554,707,0,1054,2815,328,0,803,1310,469,0,621,654,1126,0,527,525,2360,0,626,1030,916,0,890,2304,709,0,747,1137,1467,0,568,816,1817,0,856,1774,897,0,831,1687,869,0,712,1043,1311,0,722,834
9.570581340815478,0.0047007943215878825,0.0023082410615632007,0.006048094989850856,6.518139127590152,2.8423160643919863,7.465396517963218,803,767,511,509,1244,257,454,446,2126,243,526,790,1672,296,787,1865,599,155,748,1797,591,19,542,865,1194,9,491,583,2105,20,629,1401,956,13,883,2380,412,3,711,1257,653,0,481,635,1676,0,447,456,2744,0,679,1407,1000,0,857,2628,505,0,715,1228,616,0,598,565,1016,0,387,351,1998,0,500,440,3020,0,958,1554,707,0,1054,2815,328,0,803,1310,469,0,621,654,1126,0,527,525,2360,0,626,1030,916,0,890,2304,709,0,747,1137,1467,0,568,816,1817,0,856,1774,897,0,831,1687,869,0,712,1043,1311,0,722,834
9.565985736232534,0.004726905918483899,0.0023137912803988135,0.006035252281222224,6.387069100785767,2.8567976769758023,7.452680056791527,798,251,900,735,1254,142,808,599,2134,111,789,947,1674,134,1059,1819,611,29,867,1594,582,11,579,922,1207,3,527,708,2099,0,646,1293,929,0,844,2324,406,0,722,1117,652,0,498,641,1673,0,470,580,2750,0,646,1401,1016,0,893,2610,481,0,722,1345,614,0,541,692,1003,0,394,322,2005,0,469,440,3021,0,663,1939,701,0,770,3383,351,0,587,1831,456,0,433,826,1112,0,429,648,2388,0,510,1376,915,0,640,2323,718,0,480,1161,1453,0,548,886,1785,0,761,1860,908,0,875,1678,874,0,731,1228,1333,0,730,765
9.565985736232534,0.004726905918483899,0.0023137912803988135,0.006035252281222224,6.387069100785767,2.8567976769758023,7.452680056791527,798,251,900,735,1254,142,808,599,2134,111,789,947,1674,134,1059,1819,611,29,867,1594,582,11,579,922,1207,3,527,708,2099,0,646,1293,929,0,844,2324,406,0,722,1117,652,0,498,641,1673,0,470,580,2750,0,646,1401,1016,0,893,2610,481,0,722,1345,614,0,541,692,1003,0,394,322,2005,0,469,440,3021,0,663,1939,701,0,770,3383,351,0,587,1831,456,0,433,826,1112,0,429,648,2388,0,510,1376,915,0,640,2323,718,0,480,1161,1453,0,548,886,1785,0,761,1860,908,0,875,1678,874,0,731,1228,1333,0,730,765
9.565985736232534,0.004726905918483899,0.0023137912803988135,0.006035252281222224,6.387069100785767,2.8567976769758023,7.452680056791527,798,251,900,735,1254,142,808,599,2134,111,789,947,1674,134,1059,1819,611,29,867,1594,582,11,579,922,1207,3,527,708,2099,0,646,1293,929,0,844,2324,406,0,722,1117,652,0,498,641,1673,0,470,580,2750,0,646,1401,1016,0,893,2610,481,0,722,1345,614,0,541,692,1003,0,394,322,2005,0,469,440,3021,0,663,1939,701,0,770,3383,351,0,587,1831,456,0,433,826,1112,0,429,648,2388,0,510,1376,915,0,640,2323,718,0,480,1161,1453,0,548,886,1785,0,761,1860,908,0,875,1678,874,0,731,1228,1333,0,730,765
9.565985736232534,0.004726905918483899,0.0023137912803988135,0.006035252281222224,6.387069100785767,2.8567976769758023,7.452680056791527,798,251,900,735,1254,142,808,599,2134,111,789,947,1674,134,1059,1819,611,29,867,1594,582,11,579,922,1207,3,527,708,2099,0,646,1293,929,0,844,2324,406,0,722,1117,652,0,498,641,1673,0,470,580,2750,0,646,1401,1016,0,893,2610,481,0,722,1345,614,0,541,692,1003,0,394,322,2005,0,469,440,3021,0,663,1939,701,0,770,3383,351,0,587,1831,456,0,433,826,1112,0,429,648,2388,0,510,1376,915,0,640,2323,718,0,480,1161,1453,0,548,886,1785,0,761,1860,908,0,875,1678,874,0,731,1228,1333,0,730,765
9.565985736232534,0.004726905918483899,0.0023137912803988135,0.006035252281222224,6.387069100785767,2.8567976769758023,7.452680056791527,798,251,900,735,1254,142,808,599,2134,111,789,947,1674,134,1059,1819,611,29,867,1594,582,11,579,922,1207,3,527,708,2099,0,646,1293,929,0,844,2324,406,0,722,1117,652,0,498,641,1673,0,470,580,2750,0,646,1401,1016,0,893,2610,481,0,722,1345,614,0,541,692,1003,0,394,322,2005,0,469,440,3021,0,663,1939,701,0,770,3383,351,0,587,1831,456,0,433,826,1112,0,429,648,2388,0,510,1376,915,0,640,2323,718,0,480,1161,1453,0,548,886,1785,0,761,1860,908,0,875,1678,874,0,731,1228,1333,0,730,765
9.565985736232534,0.004726905918483899,0.0023137912803988135,0.006035252281222224,6.387069100785767,2.8567976769758023,7.452680056791527,798,251,900,735,1254,142,808,599,2134,111,789,947,1674,134,1059,1819,611,29,867,1594,582,11,579,922,1207,3,527,708,2099,0,646,1293,929,0,844,2324,406,0,722,1117,652,0,498,641,1673,0,470,580,2750,0,646,1401,1016,0,893,2610,481,0,722,1345,614,0,541,692,1003,0,394,322,2005,0,469,440,3021,0,663,1939,701,0,770,3383,351,0,587,1831,456,0,433,826,1112,0,429,648,2388,0,510,1376,915,0,640,2323,718,0,480,1161,1453,0,548,886,1785,0,761,1860,908,0,875,1678,874,0,731,1228,1333,0,730,765
9.565985736232534,0.004726905918483899,0.0023137912803988135,0.006035252281222224,6.387069100785767,2.8567976769758023,7.452680056791527,798,251,900,735,1254,142,808,599,2134,111,789,947,1674,134,1059,1819,611,29,867,1594,582,11,579,922,1207,3,527,708,2099,0,646,1293,929,0,844,2324,406,0,722,1117,652,0,498,641,1673,0,470,580,2750,0,646,1401,1016,0,893,2610,481,0,722,1345,614,0,541,692,1003,0,394,322,2005,0,469,440,3021,0,663,1939,701,0,770,3383,351,0,587,1831,456,0,433,826,1112,0,429,648,2388,0,510,1376,915,0,640,2323,718,0,480,1161,1453,0,548,886,1785,0,761,1860,908,0,875,1678,874,0,731,1228,1333,0,730,765
9.565985736232534,0.004726905918483899,0.0023137912803988135,0.006035252281222224,6.387069100785767,2.8567976769758023,7.452680056791527,798,251,900,735,1254,142,808,599,2134,111,789,947,1674,134,1059,1819,611,29,867,1594,582,11,579,922,1207,3,527,708,2099,0,646,1293,929,0,844,2324,406,0,722,1117,652,0,498,641,1673,0,470,580,2750,0,646,1401,1016,0,893,2610,481,0,722,1345,614,0,541,692,1003,0,394,322,2005,0,469,440,3021,0,663,1939,701,0,770,3383,351,0,587,1831,456,0,433,826,1112,0,429,648,2388,0,510,1376,915,0,640,2323,718,0,480,1161,1453,0,548,886,1785,0,761,1860,908,0,875,1678,874,0,731,1228,1333,0,730,765
9.565985736232534,0.004726905918483899,0.0023137912803988135,0.006035252281222224,6.387069100785767,2.8567976769758023,7.452680056791527,798,251,900,735,1254,142,808,599,2134,111,789,947,1674,134,1059,1819,611,29,867,1594,582,11,579,922,1207,3,527,708,2099,0,646,1293,929,0,844,2324,406,0,722,1117,652,0,498,641,1673,0,470,580,2750,0,646,1401,1016,0,893,2610,481,0,722,1345,614,0,541,692,1003,0,394,322,2005,0,469,440,3021,0,663,1939,701,0,770,3383,351,0,587,1831,456,0,433,826,1112,0,429,648,2388,0,510,1376,915,0,640,2323,718,0,480,1161,1453,0,548,886,1785,0,761,1860,908,0,875,1678,874,0,731,1228,1333,0,730,765
9.565985736232534,0.004726905918483899,0.0023137912803988135,0.006035252281222224,6.387069100785767,2.8567976769758023,7.452680056791527,798,251,900,735,1254,142,808,599,2134,111,789,947,1674,134,1059,1819,611,29,867,1594,582,11,579,922,1207,3,527,708,2099,0,646,1293,929,0,844,2324,406,0,722,1117,652,0,498,641,1673,0,470,580,2750,0,646,1401,1016,0,893,2610,481,0,722,1345,614,0,541,692,1003,0,394,322,2005,0,469,440,3021,0,663,1939,701,0,770,3383,351,0,587,1831,456,0,433,826,1112,0,429,648,2388,0,510,1376,915,0,640,2323,718,0,480,1161,1453,0,548,886,1785,0,761,1860,908,0,875,1678,874,0,731,1228,1333,0,730,765
9.565985736232534,0.004726905918483899,0.0023137912803988135,0.006035252281222224,6.387069100785767,2.8567976769758023,7.452680056791527,798,251,900,735,1254,142,808,599,2134,111,789,947,1674,134,1059,1819,611,29,867,1594,582,11,579,922,1207,3,527,708,2099,0,646,1293,929,0,844,2324,406,0,722,1117,652,0,498,641,1673,0,470,580,2750,0,646,1401,1016,0,893,2610,481,0,722,1345,614,0,541,692,1003,0,394,322,2005,0,469,440,3021,0,663,1939,701,0,770,3383,351,0,587,1831,456,0,433,826,1112,0,429,648,2388,0,510,1376,915,0,640,2323,718,0,480,1161,1453,0,548,886,1785,0,761,1860,908,0,875,1678,874,0,731,1228,1333,0,730,765
9.565985736232534,0.004726905918483899,0.0023137912803988135,0.006035252281222224,6.387069100785767,2.8567976769758023,7.452680056791527,798,251,900,735,1254,142,808,599,2134,111,789,947,1674,134,1059,1819,611,29,867,1594,582,11,579,922,1207,3,527,708,2099,0,646,1293,929,0,844,2324,406,0,722,1117,652,0,498,641,1673,0,470,580,2750,0,646,1401,1016,0,893,2610,481,0,722,1345,614,0,541,692,1003,0,394,322,2005,0,469,440,3021,0,663,1939,701,0,770,3383,351,0,587,1831,456,0,433,826,1112,0,429,648,2388,0,510,1376,915,0,640,2323,718,0,480,1161,1453,0,548,886,1785,0,761,1860,908,0,875,1678,874,0,731,1228,1333,0,730,765
9.565985736232534,0.004726905918483899,0.0023137912803988135,0.006035252281222224,6.387069100785767,2.8567976769758023,7.452680056791527,798,251,900,735,1254,142,808,599,2134,111,789,947,1674,134,1059,1819,611,29,867,1594,582,11,579,922,1207,3,527,708,2099,0,646,1293,929,0,844,2324,406,0,722,1117,652,0,498,641,1673,0,470,580,2750,0,646,1401,1016,0,893,2610,481,0,722,1345,614,0,541,692,1003,0,394,322,2005,0,469,440,3021,0,663,1939,701,0,770,3383,351,0,587,1831,456,0,433,826,1112,0,429,648,2388,0,510,1376,915,0,640,2323,718,0,480,1161,1453,0,548,886,1785,0,761,1860,908,0,875,1678,874,0,731,1228,1333,0,730,765
9.565985736232534,0.004726905918483899,0.0023137912803988135,0.006035252281222224,6.387069100785767,2.8567976769758023,7.452680056791527,798,251,900,735,1254,142,808,599,2134,111,789,947,1674,134,1059,1819,611,29,867,1594,582,11,579,922,1207,3,527,708,2099,0,646,1293,929,0,844,2324,406,0,722,1117,652,0,498,641,1673,0,470,580,2750,0,646,1401,1016,0,893,2610,481,0,722,1345,614,0,541,692,1003,0,394,322,2005,0,469,440,3021,0,663,1939,701,0,770,3383,351,0,587,1831,456,0,433,826,1112,0,429,648,2388,0,510,1376,915,0,640,2323,718,0,480,1161,1453,0,548,886,1785,0,761,1860,908,0,875,1678,874,0,731,1228,1333,0,730,765
9.565985736232534,0.004726905918483899,0.0023137912803988135,0.006035252281222224,6.387069100785767,2.8567976769758023,7.452680056791527,798,251,900,735,1254,142,808,599,2134,111,789,947,1674,134,1059,1819,611,29,867,1594,582,11,579,922,1207,3,527,708,2099,0,646,1293,929,0,844,2324,406,0,722,1117,652,0,498,641,1673,0,470,580,2750,0,646,1401,1016,0,893,2610,481,0,722,1345,614,0,541,692,1003,0,394,322,2005,0,469,440,3021,0,663,1939,701,0,770,3383,351,0,587,1831,456,0,433,826,1112,0,429,648,2388,0,510,1376,915,0,640,2323,718,0,480,1161,1453,0,548,886,1785,0,761,1860,908,0,875,1678,874,0,731,1228,1333,0,730,765
